loaderOff	recOff	width	columnName	stringVA	lea@
0x38	0x058	dword	RANGE	1435defb8	14222779b
0xec	0x10c	dword	MOVEMENT_MODIFIER	1435e9200	1422277cb
0xf0	0x110	dword	TURN_MODIFIER	1435e9218	1422277fe
0x5c	0x07c	dword	PELLET_SPREAD	1435e9398	142227a89
0x108	0x128	dword	DEFAULT_ZOOM	1435e93a8	142227ab9
0x14c	0x16c	dword	ARMS_FOV_SCALAR	1435e9428	142227bd9
0x60	0x080	dword	COF_RECOIL	1435e9440	142227c0c
0x64	0x084	dword	COF_SCALAR	1435e9450	142227c3c
0x68	0x088	dword	COF_SCALAR_MOVING	1435e9460	142227c6c
0x6c	0x08c	dword	COF_OVERRIDE	1435e9478	142227c9c
0x70	0x090	dword	COF_SCALAR_JUMPING	1435e9488	142227ccc
0x74	0x094	dword	RECOIL_ANGLE_MIN	1435e94a0	142227cfc
0x78	0x098	dword	RECOIL_ANGLE_MAX	1435e94b8	142227d2c
0x7c	0x09c	dword	RECOIL_HORIZONTAL_TOLERANCE	1435e94d0	142227d5c
0x80	0x0a0	dword	RECOIL_HORIZONTAL_MIN	1435e94f8	142227d8c
0x84	0x0a4	dword	RECOIL_HORIZONTAL_MAX	1435e9518	142227dbf
0x88	0x0a8	dword	RECOIL_MAGNITUDE_MIN	1435e9538	142227df2
0x8c	0x0ac	dword	RECOIL_MAGNITUDE_MAX	1435e9558	142227e25
0x94	0x0b4	dword	RECOIL_RECOVERY_RATE	1435e9598	142227e83
0x98	0x0b8	dword	RECOIL_RECOVERY_ACCELERATION	1435e95b8	142227eb6
0xa0	0x0c0	dword	RECOIL_MAX_TOTAL_MAGNITUDE	1435e9608	142227f14
0xa4	0x0c4	dword	RECOIL_INCREASE	1435e9628	142227f47
0xa8	0x0c8	dword	RECOIL_INCREASE_CROUCHED	1435e9640	142227f7a
0xb0	0x0d0	dword	RECOIL_HORIZONTAL_MIN_INCREASE	1435e9660	142227fad
0xb4	0x0d4	dword	RECOIL_HORIZONTAL_MAX_INCREASE	1435e9688	142227fe0
0xac	0x0cc	dword	RECOIL_FIRST_SHOT_MODIFIER	1435e96b0	142228013
0xf4	0x114	dword	LOCK_ON_ANGLE	1435e9770	142228148
0xf8	0x118	dword	LOCK_ON_RADIUS	1435e9780	14222817b
0xfc	0x11c	dword	LOCK_ON_RANGE	1435e9798	1422281ae
0x10c	0x12c	dword	FIRST_PERSON_OFFSET_X	1435e97e8	142228237
0x110	0x130	dword	FIRST_PERSON_OFFSET_Y	1435e9808	14222826a
0x114	0x134	dword	FIRST_PERSON_OFFSET_Z	1435e9828	14222829d
0x130	0x150	dword	SWAY_AMPLITUDE_X	1435e9890	142228351
0x134	0x154	dword	SWAY_AMPLITUDE_Y	1435e98a8	142228384
0x138	0x158	dword	SWAY_PERIOD_X	1435e98c0	1422283b7
0x13c	0x15c	dword	SWAY_PERIOD_Y	1435e98d0	1422283ea
0x140	0x160	dword	SWAY_INITIAL_Y_OFFSET	1435e98e0	14222841d
0x144	0x164	dword	SWAY_CROUCH_SCALAR	1435e9900	14222846c
0x148	0x168	dword	SWAY_PRONE_SCALAR	1435e9918	14222849f
0x150	0x170	dword	ANIM_KICK_MAGNITUDE	1435e9930	1422284d2
0x154	0x174	dword	ANIM_RECOIL_MAGNITUDE	1435e9948	142228504
0x160	0x180	dword	BULLET_ARC_KICK_ANGLE	1435e9980	142228587
0x164	0x184	dword	PROJECTILE_SPEED_OVERRIDE	1435e99a0	1422285b8
0x16c	0x18c	dword	INHERIT_FROM_CHARGE_POWER	1435e99d8	142228612
0xd0	0x0f0	dword	CYLOF_RECOIL	1435e99f8	142228643
0xd4	0x0f4	dword	CYLOF_SCALAR	1435e9a08	142228674
0xd8	0x0f8	dword	CYLOF_SCALAR_MOVING	1435e9a18	1422286a5
0xdc	0x0fc	dword	CYLOF_OVERRIDE	1435e9a30	1422286d6
0x178	0x198	dword	LAUNCH_PITCH_ADDITIVE_DEGREES	1435e9a80	142228782
0x17c	0x19c	byte	TP_FORCE_CAMERA_OVERRIDES	1435e9aa8	1422287b3
0x190	0x1b0	dword	TP_CAMERA_LOOK_OFFSET_X	1435e9ac8	1422287ea
0x194	0x1b4	dword	TP_CAMERA_LOOK_OFFSET_Y	1435e9ae8	14222881b
0x198	0x1b8	dword	TP_CAMERA_LOOK_OFFSET_Z	1435e9b08	14222884c
0x19c	0x1bc	dword	TP_CAMERA_POSITION_OFFSET_X	1435e9b28	14222887d
0x1a0	0x1c0	dword	TP_CAMERA_POSITION_OFFSET_Y	1435e9b50	1422288ae
0x1a4	0x1c4	dword	TP_CAMERA_POSITION_OFFSET_Z	1435e9b78	1422288df
0x1a8	0x1c8	dword	TP_CAMERA_FOV	1435e9ba0	142228910
0x1ac	0x1cc	dword	TP_CAMERA_POS_OFFSET_Y_MOV	1435e9bb0	142228941
0x1b0	0x1d0	dword	TP_CAMERA_LOOK_OFFSET_Y_MOV	1435e9bd0	142228972
0x1bc	0x1dc	dword	TP_EXTRA_LEAD_FROM_PITCH_A	1435e9bf8	1422289a3
0x1c0	0x1e0	dword	TP_EXTRA_LEAD_FROM_PITCH_B	1435e9c18	1422289d4
0x1c4	0x1e4	dword	TP_EXTRA_LEAD_PITCH_A	1435e9c38	142228a05
0x1c8	0x1e8	dword	TP_EXTRA_LEAD_PITCH_B	1435e9c58	142228a36
0x1cc	0x1ec	dword	TP_EXTRA_HEIGHT_FROM_PITCH_A	1435e9c78	142228a67
0x1d0	0x1f0	dword	TP_EXTRA_HEIGHT_FROM_PITCH_B	1435e9ca0	142228a98
0x1d4	0x1f4	dword	TP_EXTRA_HEIGHT_PITCH_A	1435e9cc8	142228ac9
0x1d8	0x1f8	dword	TP_EXTRA_HEIGHT_PITCH_B	1435e9ce8	142228afa
0x1dc	0x1fc	dword	TP_EXTRA_DRAW_FROM_PITCH_A	1435e9d08	142228b2b
0x1e0	0x200	dword	TP_EXTRA_DRAW_FROM_PITCH_B	1435e9d28	142228b5c
0x1e4	0x204	dword	TP_EXTRA_DRAW_PITCH_A	1435e9d48	142228b8d
0x1e8	0x208	dword	TP_EXTRA_DRAW_PITCH_B	1435e9d68	142228bbe
0x180	0x1a0	dword	TP_CAMERA_DISTANCE	1435e9d88	142228bef
0x184	0x1a4	dword	TP_CAMERA_INDOOR_DISTANCE	1435e9da0	142228c20
0x188	0x1a8	dword	TP_CAMERA_MOVE_DISTANCE	1435e9dc0	142228c51
0x18c	0x1ac	dword	TP_CAMERA_MOVING_INDOOR_DISTANCE	1435e9de0	142228c82
0x1b4	0x1d4	dword	TP_CAMERA_MOVE_SPEED	1435e9e08	142228cb3
0x1b8	0x1d8	dword	TP_CAMERA_RETURN_SPEED	1435e9e28	142228ce4
0x1fc	0x21c	dword	TP_CR_CAMERA_LOOK_OFFSET_X	1435e9e48	142228d15
0x200	0x220	dword	TP_CR_CAMERA_LOOK_OFFSET_Y	1435e9e68	142228d46
0x204	0x224	dword	TP_CR_CAMERA_LOOK_OFFSET_Z	1435e9e88	142228d77
0x208	0x228	dword	TP_CR_CAMERA_POSITION_OFFSET_X	1435e9ea8	142228da8
0x20c	0x22c	dword	TP_CR_CAMERA_POSITION_OFFSET_Y	1435e9ed0	142228dd9
0x210	0x230	dword	TP_CR_CAMERA_POSITION_OFFSET_Z	1435e9ef8	142228e0a
0x214	0x234	dword	TP_CR_CAMERA_FOV	1435e9f20	142228e3b
0x218	0x238	dword	TP_CR_CAMERA_POS_OFFSET_Y_MOV	1435e9f38	142228e6c
0x21c	0x23c	dword	TP_CR_CAMERA_LOOK_OFFSET_Y_MOV	1435e9f60	142228e9d
0x228	0x248	dword	TP_CR_EXTRA_LEAD_FROM_PITCH_A	1435e9f88	142228ece
0x22c	0x24c	dword	TP_CR_EXTRA_LEAD_FROM_PITCH_B	1435e9fb0	142228eff
0x230	0x250	dword	TP_CR_EXTRA_LEAD_PITCH_A	1435e9fd8	142228f30
0x234	0x254	dword	TP_CR_EXTRA_LEAD_PITCH_B	1435e9ff8	142228f61
0x238	0x258	dword	TP_CR_EXTRA_HEIGHT_FROM_PITCH_A	1435ea018	142228f92
0x23c	0x25c	dword	TP_CR_EXTRA_HEIGHT_FROM_PITCH_B	1435ea040	142228fc3
0x240	0x260	dword	TP_CR_EXTRA_HEIGHT_PITCH_A	1435ea068	142228ff4
0x244	0x264	dword	TP_CR_EXTRA_HEIGHT_PITCH_B	1435ea088	142229025
0x248	0x268	dword	TP_CR_EXTRA_DRAW_FROM_PITCH_A	1435ea0a8	142229056
0x24c	0x26c	dword	TP_CR_EXTRA_DRAW_FROM_PITCH_B	1435ea0d0	142229087
0x250	0x270	dword	TP_CR_EXTRA_DRAW_PITCH_A	1435ea0f8	1422290b8
0x254	0x274	dword	TP_CR_EXTRA_DRAW_PITCH_B	1435ea118	1422290e9
0x1ec	0x20c	dword	TP_CR_CAMERA_DISTANCE	1435ea138	14222911a
0x1f0	0x210	dword	TP_CR_CAMERA_INDOOR_DISTANCE	1435ea158	14222914b
0x1f4	0x214	dword	TP_CR_CAMERA_MOVE_DISTANCE	1435ea180	14222917c
0x1f8	0x218	dword	TP_CR_CAMERA_MOVING_INDOOR_DISTANCE	1435ea1a0	1422291ad
0x220	0x240	dword	TP_CR_CAMERA_MOVE_SPEED	1435ea1d0	1422291de
0x224	0x244	dword	TP_CR_CAMERA_RETURN_SPEED	1435ea1f0	14222920f
0x268	0x288	dword	TP_PR_CAMERA_LOOK_OFFSET_X	1435ea210	142229240
0x26c	0x28c	dword	TP_PR_CAMERA_LOOK_OFFSET_Y	1435ea230	142229271
0x270	0x290	dword	TP_PR_CAMERA_LOOK_OFFSET_Z	1435ea250	1422292a2
0x274	0x294	dword	TP_PR_CAMERA_POSITION_OFFSET_X	1435ea270	1422292d3
0x278	0x298	dword	TP_PR_CAMERA_POSITION_OFFSET_Y	1435ea298	142229304
0x27c	0x29c	dword	TP_PR_CAMERA_POSITION_OFFSET_Z	1435ea2c0	142229335
0x280	0x2a0	dword	TP_PR_CAMERA_FOV	1435ea2e8	142229366
0x28c	0x2ac	dword	TP_PR_EXTRA_LEAD_FROM_PITCH_A	1435ea300	142229397
0x290	0x2b0	dword	TP_PR_EXTRA_LEAD_FROM_PITCH_B	1435ea328	1422293c8
0x294	0x2b4	dword	TP_PR_EXTRA_LEAD_PITCH_A	1435ea350	1422293f9
0x298	0x2b8	dword	TP_PR_EXTRA_LEAD_PITCH_B	1435ea370	14222942a
0x29c	0x2bc	dword	TP_PR_EXTRA_HEIGHT_FROM_PITCH_A	1435ea390	14222945b
0x2a0	0x2c0	dword	TP_PR_EXTRA_HEIGHT_FROM_PITCH_B	1435ea3b8	14222948c
0x2a4	0x2c4	dword	TP_PR_EXTRA_HEIGHT_PITCH_A	1435ea3e0	1422294bd
0x2a8	0x2c8	dword	TP_PR_EXTRA_HEIGHT_PITCH_B	1435ea400	1422294ee
0x258	0x278	dword	TP_PR_CAMERA_DISTANCE	1435ea420	14222951f
0x25c	0x27c	dword	TP_PR_CAMERA_INDOOR_DISTANCE	1435ea440	142229550
0x260	0x280	dword	TP_PR_CAMERA_MOVE_DISTANCE	1435ea468	142229581
0x264	0x284	dword	TP_PR_CAMERA_MOVING_INDOOR_DISTANCE	1435ea488	1422295b2
0x284	0x2a4	dword	TP_PR_CAMERA_MOVE_SPEED	1435ea4b8	1422295e3
0x288	0x2a8	dword	TP_PR_CAMERA_RETURN_SPEED	1435ea4d8	142229614
0x2ac	0x2cc	byte	TP_ALLOW_MOVE_HEIGHTS	1435ea4f8	142229645
0x2ad	0x2cd	byte	FP_FORCE_CAMERA_OVERRIDES	1435ea518	14222967c
0x2b0	0x2d0	dword	FP_CAMERA_FOV	1435ea538	1422296b3
0x2b4	0x2d4	dword	FP_CR_CAMERA_FOV	1435ea548	1422296e4
0x2b8	0x2d8	dword	FP_PR_CAMERA_FOV	1435ea560	142229715
0x2bc	0x2dc	byte	FORCE_FP_SCOPE	1435ea578	142229746
0x2bd	0x2dd	byte	ALLOW_DEPTH_ADJUSTMENT	1435ea590	14222977d
0x2c4	0x2e4	dword	RETICLE_MAX_DISTANCE	1435ea5c8	1422297dd
0x2c8	0x2e8	dword	TP_CAMERA_INDOOR_OUTDOOR_SPEED	1435ea5e8	14222980e
