column	recOff	width	src	lea@
HIDE_UNAVAILABLE	0x020	byte	OR 0x80	1422271e7
SPRINT_FIRE	0x020	byte	OR 0x40	142227220
AUTOMATIC	0x020	byte	AND 0xdf	142227259
GRIEF_IMMUNE	0x020	byte	OR 0x10	142227293
USE_IN_WATER	0x020	byte	OR 0x8	1422272ce
IRON_SIGHTS	0x020	byte	OR 0x4	142227309
HIDE_WEAPON	0x020	byte	OR 0x2	142227344
LASER_GUIDED	0x020	byte	OR 0x1	14222737f
CAN_STEADY_SWAY	0x021	byte	OR 0x80	1422273ba
HOLD_PLAYER_STATE_WHILE_FIRING	0x021	byte	OR 0x40	1422273f7
BLOCK_AUTO_RELOAD	0x021	byte	OR 0x20	142227434
SPAWN_PROJECTILE_AT_EYE	0x021	byte	OR 0x10	142227471
FIRE_NEEDS_LOCK	0x021	byte	OR 0x8	1422274ae
CHECK_ENTER_FIRE_STATE	0x021	byte	OR 0x4	1422274eb
CONTINUOUS_RELOAD	0x021	byte	OR 0x2	142227528
CAN_LOCKON_WHILE_BUSY	0x021	byte	OR 0x1	142227565
MAINTAIN_LOCK	0x022	byte	OR 0x80	1422275a2
UNDEFINED1	0x022	byte	OR 0x10	1422275df
UNDEFINED2	0x022	byte	OR 0x8	14222761c
MELEE_COMPOSITE_EFFECT_ID	0x022	byte	OR 0x4	142227659
USE_CONE_INSTEAD_OF_CYLINDER	0x022	byte	OR 0x2	142227696
TYPE	?	?	?	1422276d3
AMMO_ITEM_ID	?	?	?	1422276fb
AMMO_SLOT	?	?	?	142227723
AMMO_PER_SHOT	?	?	?	14222774b
BURST_COUNT	?	?	?	142227773
RANGE	0x058	dword	MOVSS XMM1	14222779b
MOVEMENT_MODIFIER	0x10c	dword	MOVSS XMM1	1422277cb
TURN_MODIFIER	0x110	dword	MOVSS XMM1	1422277fe
FIRE_DELAY_MS	?	?	?	142227831
FIRE_DURATION_MS	?	?	?	142227859
FIRE_COOLDOWN_DURATION_MS	?	?	?	142227881
AUTO_FIRE_TIME_MS	?	?	?	1422278a9
REFIRE_TIME_MS	?	?	?	1422278d1
CHARGE_UP_TIME_MS	?	?	?	1422278f9
COOK_TIME_MS	?	?	?	142227921
SPIN_UP_TIME_MS	?	?	?	142227949
RELOAD_TIME_MS	?	?	?	142227971
RELOAD_CHAMBER_TIME_MS	?	?	?	142227999
RELOAD_AMMO_FILL_TIME_MS	?	?	?	1422279c1
RELOAD_LOOP_START_TIME_MS	?	?	?	1422279e9
RELOAD_LOOP_END_TIME_MS	?	?	?	142227a11
PELLETS_PER_SHOT	?	?	?	142227a39
PELLET_PATTERN_GROUP_ID	?	?	?	142227a61
PELLET_SPREAD	0x07c	dword	MOVSS XMM1	142227a89
DEFAULT_ZOOM	0x128	dword	MOVSS XMM1	142227ab9
PLAYER_STATE_GROUP_ID	?	?	?	142227b02
RETICLE_ID	?	?	?	142227b2d
FULL_SCREEN_EFFECT	?	?	?	142227b58
EFFECT_GROUP	?	?	?	142227b83
FIRE_DETECT_RANGE	?	?	?	142227bae
ARMS_FOV_SCALAR	0x16c	dword	MOVSS XMM1	142227bd9
COF_RECOIL	0x080	dword	MOVSS XMM1	142227c0c
COF_SCALAR	0x084	dword	MOVSS XMM1	142227c3c
COF_SCALAR_MOVING	0x088	dword	MOVSS XMM1	142227c6c
COF_OVERRIDE	0x08c	dword	MOVSS XMM1	142227c9c
COF_SCALAR_JUMPING	0x090	dword	MOVSS XMM1	142227ccc
RECOIL_ANGLE_MIN	0x094	dword	MOVSS XMM1	142227cfc
RECOIL_ANGLE_MAX	0x098	dword	MOVSS XMM1	142227d2c
RECOIL_HORIZONTAL_TOLERANCE	0x09c	dword	MOVSS XMM1	142227d5c
RECOIL_HORIZONTAL_MIN	0x0a0	dword	MOVSS XMM1	142227d8c
RECOIL_HORIZONTAL_MAX	0x0a4	dword	MOVSS XMM1	142227dbf
RECOIL_MAGNITUDE_MIN	0x0a8	dword	MOVSS XMM1	142227df2
RECOIL_MAGNITUDE_MAX	0x0ac	dword	MOVSS XMM1	142227e25
RECOIL_RECOVERY_DELAY_MS	?	?	?	142227e58
RECOIL_RECOVERY_RATE	0x0b4	dword	MOVSS XMM1	142227e83
RECOIL_RECOVERY_ACCELERATION	0x0b8	dword	MOVSS XMM1	142227eb6
RECOIL_SHOTS_AT_MIN_MAGNITUDE	?	?	?	142227ee9
RECOIL_MAX_TOTAL_MAGNITUDE	0x0c0	dword	MOVSS XMM1	142227f14
RECOIL_INCREASE	0x0c4	dword	MOVSS XMM1	142227f47
RECOIL_INCREASE_CROUCHED	0x0c8	dword	MOVSS XMM1	142227f7a
RECOIL_HORIZONTAL_MIN_INCREASE	0x0d0	dword	MOVSS XMM1	142227fad
RECOIL_HORIZONTAL_MAX_INCREASE	0x0d4	dword	MOVSS XMM1	142227fe0
RECOIL_FIRST_SHOT_MODIFIER	0x0cc	dword	MOVSS XMM1	142228013
HUD_IMAGE_ID	?	?	?	142228046
TARGET_REQUIREMENT	?	?	?	142228071
FIRE_ANIM_DURATION_MS	?	?	?	14222809c
SEQUENTIAL_FIRE_ANIM_START	?	?	?	1422280c7
SEQUENTIAL_FIRE_ANIM_COUNT	?	?	?	1422280f2
LOCK_ON_ICON_ID	?	?	?	14222811d
LOCK_ON_ANGLE	0x114	dword	MOVSS XMM1	142228148
LOCK_ON_RADIUS	0x118	dword	MOVSS XMM1	14222817b
LOCK_ON_RANGE	0x11c	dword	MOVSS XMM1	1422281ae
LOCK_ON_ACQUIRE_TIME_MS	?	?	?	1422281e1
LOCK_ON_LOSE_TIME_MS	?	?	?	14222820c
FIRST_PERSON_OFFSET_X	0x12c	dword	MOVSS XMM1	142228237
FIRST_PERSON_OFFSET_Y	0x130	dword	MOVSS XMM1	14222826a
FIRST_PERSON_OFFSET_Z	0x134	dword	MOVSS XMM1	14222829d
HEAT_PER_SHOT	?	?	?	1422282d0
HEAT_THRESHOLD	?	?	?	1422282fb
HEAT_RECOVERY_DELAY_MS	?	?	?	142228326
SWAY_AMPLITUDE_X	0x150	dword	MOVSS XMM1	142228351
SWAY_AMPLITUDE_Y	0x154	dword	MOVSS XMM1	142228384
SWAY_PERIOD_X	0x158	dword	MOVSS XMM1	1422283b7
SWAY_PERIOD_Y	0x15c	dword	MOVSS XMM1	1422283ea
SWAY_INITIAL_Y_OFFSET	0x160	dword	MOVSS XMM1	14222841d
SWAY_CROUCH_SCALAR	0x164	dword	MOVSS XMM1	14222846c
SWAY_PRONE_SCALAR	0x168	dword	MOVSS XMM1	14222849f
ANIM_KICK_MAGNITUDE	0x170	dword	MOVSS XMM1	1422284d2
ANIM_RECOIL_MAGNITUDE	0x174	dword	MOVSS XMM1	142228504
DESCRIPTION_ID	?	?	?	142228535
INDIRECT_EFFECT	?	?	?	14222855e
BULLET_ARC_KICK_ANGLE	0x180	dword	MOVSS XMM1	142228587
PROJECTILE_SPEED_OVERRIDE	0x184	dword	MOVSS XMM1	1422285b8
INHERIT_FROM_ID	?	?	?	1422285e9
INHERIT_FROM_CHARGE_POWER	0x18c	dword	MOVSS XMM1	142228612
CYLOF_RECOIL	0x0f0	dword	MOVSS XMM1	142228643
CYLOF_SCALAR	0x0f4	dword	MOVSS XMM1	142228674
CYLOF_SCALAR_MOVING	0x0f8	dword	MOVSS XMM1	1422286a5
CYLOF_OVERRIDE	0x0fc	dword	MOVSS XMM1	1422286d6
RETICLE_ID_SECONDARY	?	?	?	142228707
MELEE_COMPOSITE_EFFECT_ID	?	?	?	142228730
MELEE_ABILITY_ID	?	?	?	142228759
LAUNCH_PITCH_ADDITIVE_DEGREES	0x198	dword	MOVSS XMM1	142228782
TP_FORCE_CAMERA_OVERRIDES	0x19c	byte	MOV 0x0	1422287b3
TP_CAMERA_LOOK_OFFSET_X	0x1b0	dword	MOVSS XMM1	1422287ea
TP_CAMERA_LOOK_OFFSET_Y	0x1b4	dword	MOVSS XMM1	14222881b
TP_CAMERA_LOOK_OFFSET_Z	0x1b8	dword	MOVSS XMM1	14222884c
TP_CAMERA_POSITION_OFFSET_X	0x1bc	dword	MOVSS XMM1	14222887d
TP_CAMERA_POSITION_OFFSET_Y	0x1c0	dword	MOVSS XMM1	1422288ae
TP_CAMERA_POSITION_OFFSET_Z	0x1c4	dword	MOVSS XMM1	1422288df
TP_CAMERA_FOV	0x1c8	dword	MOVSS XMM1	142228910
TP_CAMERA_POS_OFFSET_Y_MOV	0x1cc	dword	MOVSS XMM1	142228941
TP_CAMERA_LOOK_OFFSET_Y_MOV	0x1d0	dword	MOVSS XMM1	142228972
TP_EXTRA_LEAD_FROM_PITCH_A	0x1dc	dword	MOVSS XMM1	1422289a3
TP_EXTRA_LEAD_FROM_PITCH_B	0x1e0	dword	MOVSS XMM1	1422289d4
TP_EXTRA_LEAD_PITCH_A	0x1e4	dword	MOVSS XMM1	142228a05
TP_EXTRA_LEAD_PITCH_B	0x1e8	dword	MOVSS XMM1	142228a36
TP_EXTRA_HEIGHT_FROM_PITCH_A	0x1ec	dword	MOVSS XMM1	142228a67
TP_EXTRA_HEIGHT_FROM_PITCH_B	0x1f0	dword	MOVSS XMM1	142228a98
TP_EXTRA_HEIGHT_PITCH_A	0x1f4	dword	MOVSS XMM1	142228ac9
TP_EXTRA_HEIGHT_PITCH_B	0x1f8	dword	MOVSS XMM1	142228afa
TP_EXTRA_DRAW_FROM_PITCH_A	0x1fc	dword	MOVSS XMM1	142228b2b
TP_EXTRA_DRAW_FROM_PITCH_B	0x200	dword	MOVSS XMM1	142228b5c
TP_EXTRA_DRAW_PITCH_A	0x204	dword	MOVSS XMM1	142228b8d
TP_EXTRA_DRAW_PITCH_B	0x208	dword	MOVSS XMM1	142228bbe
TP_CAMERA_DISTANCE	0x1a0	dword	MOVSS XMM1	142228bef
TP_CAMERA_INDOOR_DISTANCE	0x1a4	dword	MOVSS XMM1	142228c20
TP_CAMERA_MOVE_DISTANCE	0x1a8	dword	MOVSS XMM1	142228c51
TP_CAMERA_MOVING_INDOOR_DISTANCE	0x1ac	dword	MOVSS XMM1	142228c82
TP_CAMERA_MOVE_SPEED	0x1d4	dword	MOVSS XMM1	142228cb3
TP_CAMERA_RETURN_SPEED	0x1d8	dword	MOVSS XMM1	142228ce4
TP_CR_CAMERA_LOOK_OFFSET_X	0x21c	dword	MOVSS XMM1	142228d15
TP_CR_CAMERA_LOOK_OFFSET_Y	0x220	dword	MOVSS XMM1	142228d46
TP_CR_CAMERA_LOOK_OFFSET_Z	0x224	dword	MOVSS XMM1	142228d77
TP_CR_CAMERA_POSITION_OFFSET_X	0x228	dword	MOVSS XMM1	142228da8
TP_CR_CAMERA_POSITION_OFFSET_Y	0x22c	dword	MOVSS XMM1	142228dd9
TP_CR_CAMERA_POSITION_OFFSET_Z	0x230	dword	MOVSS XMM1	142228e0a
TP_CR_CAMERA_FOV	0x234	dword	MOVSS XMM1	142228e3b
TP_CR_CAMERA_POS_OFFSET_Y_MOV	0x238	dword	MOVSS XMM1	142228e6c
TP_CR_CAMERA_LOOK_OFFSET_Y_MOV	0x23c	dword	MOVSS XMM1	142228e9d
TP_CR_EXTRA_LEAD_FROM_PITCH_A	0x248	dword	MOVSS XMM1	142228ece
TP_CR_EXTRA_LEAD_FROM_PITCH_B	0x24c	dword	MOVSS XMM1	142228eff
TP_CR_EXTRA_LEAD_PITCH_A	0x250	dword	MOVSS XMM1	142228f30
TP_CR_EXTRA_LEAD_PITCH_B	0x254	dword	MOVSS XMM1	142228f61
TP_CR_EXTRA_HEIGHT_FROM_PITCH_A	0x258	dword	MOVSS XMM1	142228f92
TP_CR_EXTRA_HEIGHT_FROM_PITCH_B	0x25c	dword	MOVSS XMM1	142228fc3
TP_CR_EXTRA_HEIGHT_PITCH_A	0x260	dword	MOVSS XMM1	142228ff4
TP_CR_EXTRA_HEIGHT_PITCH_B	0x264	dword	MOVSS XMM1	142229025
TP_CR_EXTRA_DRAW_FROM_PITCH_A	0x268	dword	MOVSS XMM1	142229056
TP_CR_EXTRA_DRAW_FROM_PITCH_B	0x26c	dword	MOVSS XMM1	142229087
TP_CR_EXTRA_DRAW_PITCH_A	0x270	dword	MOVSS XMM1	1422290b8
TP_CR_EXTRA_DRAW_PITCH_B	0x274	dword	MOVSS XMM1	1422290e9
TP_CR_CAMERA_DISTANCE	0x20c	dword	MOVSS XMM1	14222911a
TP_CR_CAMERA_INDOOR_DISTANCE	0x210	dword	MOVSS XMM1	14222914b
TP_CR_CAMERA_MOVE_DISTANCE	0x214	dword	MOVSS XMM1	14222917c
TP_CR_CAMERA_MOVING_INDOOR_DISTANCE	0x218	dword	MOVSS XMM1	1422291ad
TP_CR_CAMERA_MOVE_SPEED	0x240	dword	MOVSS XMM1	1422291de
TP_CR_CAMERA_RETURN_SPEED	0x244	dword	MOVSS XMM1	14222920f
TP_PR_CAMERA_LOOK_OFFSET_X	0x288	dword	MOVSS XMM1	142229240
TP_PR_CAMERA_LOOK_OFFSET_Y	0x28c	dword	MOVSS XMM1	142229271
TP_PR_CAMERA_LOOK_OFFSET_Z	0x290	dword	MOVSS XMM1	1422292a2
TP_PR_CAMERA_POSITION_OFFSET_X	0x294	dword	MOVSS XMM1	1422292d3
TP_PR_CAMERA_POSITION_OFFSET_Y	0x298	dword	MOVSS XMM1	142229304
TP_PR_CAMERA_POSITION_OFFSET_Z	0x29c	dword	MOVSS XMM1	142229335
TP_PR_CAMERA_FOV	0x2a0	dword	MOVSS XMM1	142229366
TP_PR_EXTRA_LEAD_FROM_PITCH_A	0x2ac	dword	MOVSS XMM1	142229397
TP_PR_EXTRA_LEAD_FROM_PITCH_B	0x2b0	dword	MOVSS XMM1	1422293c8
TP_PR_EXTRA_LEAD_PITCH_A	0x2b4	dword	MOVSS XMM1	1422293f9
TP_PR_EXTRA_LEAD_PITCH_B	0x2b8	dword	MOVSS XMM1	14222942a
TP_PR_EXTRA_HEIGHT_FROM_PITCH_A	0x2bc	dword	MOVSS XMM1	14222945b
TP_PR_EXTRA_HEIGHT_FROM_PITCH_B	0x2c0	dword	MOVSS XMM1	14222948c
TP_PR_EXTRA_HEIGHT_PITCH_A	0x2c4	dword	MOVSS XMM1	1422294bd
TP_PR_EXTRA_HEIGHT_PITCH_B	0x2c8	dword	MOVSS XMM1	1422294ee
TP_PR_CAMERA_DISTANCE	0x278	dword	MOVSS XMM1	14222951f
TP_PR_CAMERA_INDOOR_DISTANCE	0x27c	dword	MOVSS XMM1	142229550
TP_PR_CAMERA_MOVE_DISTANCE	0x280	dword	MOVSS XMM1	142229581
TP_PR_CAMERA_MOVING_INDOOR_DISTANCE	0x284	dword	MOVSS XMM1	1422295b2
TP_PR_CAMERA_MOVE_SPEED	0x2a4	dword	MOVSS XMM1	1422295e3
TP_PR_CAMERA_RETURN_SPEED	0x2a8	dword	MOVSS XMM1	142229614
TP_ALLOW_MOVE_HEIGHTS	0x2cc	byte	MOV 0x0	142229645
FP_FORCE_CAMERA_OVERRIDES	0x2cd	byte	MOV 0x0	14222967c
FP_CAMERA_FOV	0x2d0	dword	MOVSS XMM1	1422296b3
FP_CR_CAMERA_FOV	0x2d4	dword	MOVSS XMM1	1422296e4
FP_PR_CAMERA_FOV	0x2d8	dword	MOVSS XMM1	142229715
FORCE_FP_SCOPE	0x2dc	byte	MOV 0x0	142229746
ALLOW_DEPTH_ADJUSTMENT	0x2dd	byte	MOV 0x0	14222977d
AIM_ASSIST_CONFIG	?	?	?	1422297b4
RETICLE_MAX_DISTANCE	0x2e4	dword	MOVSS XMM1	1422297dd
TP_CAMERA_INDOOR_OUTDOOR_SPEED	0x2e8	dword	MOVSS XMM1	14222980e
TP_CAMERA_INDOOR_OUTDOOR_SPEED	0x022	byte	OR 0x40	14222980e
CONE_ANGLE	?	?	?	14222a935
CONE_RANGE	?	?	?	14222a963
FALL_OFF_CONE_RANGE	?	?	?	14222a991
MAGNET_CONE_ANGLE	?	?	?	14222a9bf
MAGNET_CONE_RANGE	?	?	?	14222a9ed
TARGET_OVERRIDE_DELAY	?	?	?	14222aa1b
TARGET_OOS_DELAY	?	?	?	14222aa49
ARRIVE_TIME	?	?	?	14222aa77
TARGET_MOTION_UPDATE_TIME	?	?	?	14222aaa5
WEIGHT	?	?	?	14222aad3
MIN_INPUT_WEIGHT_DELAY_IN	?	?	?	14222ab01
MAX_INPUT_WEIGHT_DELAY_IN	?	?	?	14222ab2f
MIN_INPUT_WEIGHT_DELAY_OUT	?	?	?	14222ab5d
MAX_INPUT_WEIGHT_DELAY_OUT	?	?	?	14222ab8b
MIN_INPUT_FACTOR	?	?	?	14222abb9
MAX_INPUT_FACTOR	?	?	?	14222abe7
REQUIREMENT_ID	?	?	?	14222ac15
MAGNET_MIN_ANGLE	?	?	?	14222ac3b
MAGNET_DIST_FOR_MIN_ANGLE	?	?	?	14222ac69
MAGNET_MAX_ANGLE	?	?	?	14222ac97
MAGNET_DIST_FOR_MAX_ANGLE	?	?	?	14222acc5
MIN_INPUT_STRAFE_ARRIVE_TIME	?	?	?	14222acf3
MAX_INPUT_STRAFE_ARRIVE_TIME	?	?	?	14222ad21
